CustomerID,Title,FirstName,LastName,CompanyName
29485,Ms.,Catherine,Abel,Professional Sales and Service
29486,Ms.,Kim,Abercrombie,Riders Company
29489,Ms.,Frances,Adams,Area Bike Accessories
29490,Ms.,Margaret,Smith,Bicycle Accessories and Kits
29492,Mr.,Jay,Adams,Valley Bicycle Specialists
29494,Mr.,Samuel,Agcaoili,Vinyl and Plastic Goods Corporation
29496,Mr.,Robert,Ahlering,Fun Toys and Bikes
29497,Mr.,François,Ferrier,Great Bikes 
29499,Ms.,Amy,Alberts,Valley Toy Store
29502,Mr.,Paul,Alcorn,Major Sport Suppliers
29503,Mr.,Gregory,Alderson,Family's Favorite Bike Shop
29505,Ms.,Michelle,Alexander,Imported and Domestic Cycles
29506,Mr.,Sean,Jacobson,Systematic Sales
29508,Mr.,Marvin,Allen,Mountain Toy Store
29510,Mr.,Cecil,Allison,Designated Distributors
29511,Mr.,Oscar,Alpuerto,Bold Bike Accessories
29515,Mr.,Maxwell,Amland,Serious Cycles
29517,Ms.,Ramona,Antrim,Novelty Bikes
29521,Mr.,Tom,Johnston,Brightwork Company
29522,Mr.,Thomas,Armstrong,Resale Services
29523,Mr.,John,Arthur,The Gear Store
29524,Mr.,Chris,Ashton,Immense Manufacturing Company
29525,Ms.,Teresa,Atkinson,Extended Bike Sales
29527,Mr.,Robert,Avalos,Workout Emporium
29528,Mr.,Stephen,Ayers,Work and Play Association
29530,Mr.,Daniel,Blanco,Nice Bikes
29531,Mr.,Cory,Booth,Remarkable Bike Store
29532,Mr.,James,Bailey,Road-Way Mart
29533,Mr.,Douglas,Baldwin,Small Cycle Store
29535,Mr.,Wayne,Banack,Grand Bicycle Stores
29536,Mr.,Robert,Barker,Kickstand Sellers
29539,Mr.,Josh,Barnhill,Gasless Cycle Shop
29541,NULL,Gytis,Barzdukas,Transportation Options
29544,Mr.,Shaun,Beasley,Finer Cycle Shop
29545,Mr.,John,Beaver,Center Cycle Shop
29546,Mr.,Christopher,Beck,Bulk Discount Store
29548,Ms.,Ann,Beebe,First-Rate Outlet
29550,Mr.,Stanley,Alan,Another Bicycle Company
29553,Ms.,Edna,Benson,Unsurpassed Bikes
29554,Mr.,Payton,Benson,Field Trip Inc
29557,Mr.,Alexander,Berger,Odometers and Accessories Company
29558,Mr.,John,Berger,Scratch-Resistant Finishes Company
29559,Mr.,Robert,Bernacchi,Safe Cycles Shop
29560,Mr.,Matthias,Berndt,Number 1 Supply
29562,Mr.,Steven,Brown,Golf and Cycle Store
29565,Mr.,Jimmy,Bischoff,World Bike Discount Store
29566,Ms.,Mae,Black,Historic Bicycle Sales
29567,Ms.,Jackie,Blackwell,Commuter Bicycle Store
29568,Mr.,Donald,Blanton,Coalition Bike Company
29569,Ms.,Linda,Burnett,Travel Systems
29570,Mr.,Michael,Blythe,Grease and Oil Products Company
29571,Ms.,Gabriel,Bockenkamp,Moderately-Priced Bikes Store
29573,Sr.,Luis,Bonifaz,Economy Bikes Company
29574,Mr.,Randall,Boseman,Third Bike Store
29576,Mr.,Eli,Bowen,Bikes for Two
29577,Mr.,Lester,Bowman,Metal Processing Company
29579,Mr.,Cornelius,Brandon,Initial Bike Company
29580,Mr.,Richard,Bready,Latest Sports Equipment
29582,Mr.,Ted,Bremer,Raw Materials Inc
29583,Mr.,Alan,Brewer,Lots of Bikes Storehouse
29584,Mr.,Walter,Brian,Futuristic Bikes
29585,Mr.,Christopher,Bright,Parcel Express Delivery Service
29587,Mr.,John,Brooks,Prosperous Tours
29588,Mr.,Willie,Brooks,Nonskid Tire Company
29590,Mr.,Jo,Brown,Metro Bike Works
29591,Mr.,Robert,Brown,Best o' Bikes
29593,Ms.,Mary,Browning,Client Discount Store
29596,Mr.,Eric,Brumfield,Requisite Part Supply
29598,Mr.,Michael,Brundage,Mechanical Products Ltd.
29599,Ms.,Shirley,Bruner,Commendable Bikes
29600,Ms.,June,Brunner,Online Bike Sellers
29601,Mr.,Dirk,Bruno,Custom Accessories Company
29603,Sra.,Janaina Barreiro Gambaro,Bueno,Courteous Bicycle Specialists
29605,Ms.,Megan,Burke,Professional Cycle Store
29606,Ms.,Karren,Burkhardt,Fifth Bike Store
29608,Mr.,Timothy,Burnett,Farthest Bike Store
29611,Mr.,Jared,Bustamante,Alternative Vehicles
29612,Mr.,Richard,Byham,Channel Outlet
29614,Mr.,Ryan,Calafato,Retail Mall
29615,Ms.,Mari,Caldwell,Metro Metals Co.
29616,Ms.,Barbara,Calone,Sheet Metal Manufacturing
29617,Ms.,Lindsey,Camacho,Thorough Parts and Repair Services
29618,Sr.,Gustavo,Camargo,Uttermost Bike Shop
29620,Ms.,Joan,Campbell,Two-Wheeled Transit Company
29622,Mr.,Henry,Campen,Metro Cycle Shop
29623,Mr.,Chris,Cannon,Outdoor Sporting Goods
29625,Ms.,Suzana De Abreu,Canuto,Petroleum Products Distributors
29627,Mr.,Johnny,Caprio,Bikes and Motorbikes
29629,Mr.,Carlton,Carlisle,Camping and Sports Store
29631,Ms.,Jane,Carmichael,Rural Department Store
29632,Ms.,Jovita,Carmody,Sports Commodities
29635,Mr.,Rob,Caron,Responsible Bike Dealers
29636,Mr.,Andy,Carothers,Western Bike Supplies
29637,Ms.,Donna,Carreras,Advanced Bike Components
29638,Ms.,Rosmarie,Carroll,Aerobic Exercise Company
29639,Mr.,Joseph,Castellucio,Corner Bicycle Supply
29641,Mr.,Raul,Casts,Westside Plaza
29643,Mr.,Matthew,Cavallari,Outstanding Cycles
29644,Ms.,Brigid,Cavendish,Vigorous Sports Store
29645,Mr.,Andrew,Cencini,Sports Merchandise
29646,Ms.,Stacey,Cereghino,Fitness Toy Store
29649,Mr.,Pat,Chambers,General Cycle Storehouse
29650,Mr.,Forrest,Chandler,Fitness Cycling
29651,Mr.,Lee,Chapla,Good Bike Shop
29653,Mr.,Pei,Chow,Thrilling Bike Tours
29654,Mr.,Yao-Qiang,Cheng,This Area Sporting Goods
29655,Ms.,Nicky,Chesnut,Full-Service Bike Store
29659,Ms.,Ruth,Choin,Genuine Bike Shop
29660,Mr.,Anthony,Chor,Extreme Riding Supplies
29662,Ms.,Jill,Christie,Fleet Bikes
29663,Ms.,Alice,Clark,Local Hardware Factory
29666,Ms.,Jane,Clayton,South Bike Company
29668,Ms.,Connie,Coffman,Discount Bicycle Specialists
29671,Mr.,Pat,Coleman,Machines & Cycles Store
29673,Mr.,John,Colon,Two Wheels Cycle Store
29674,Mr.,Scott,Colvin,Westside Cycle Store
29677,Mr.,William,Conner,Urban Sports Emporium
29680,Ms.,Dorothy,Contreras,Sixth Bike Store
29682,Mr.,Scott,Cooper,Vehicle Shop
29683,Ms.,Eva,Corets,First Department Stores
29684,Mr.,Marlin,Coriell,Grand Sport Boutique
29686,Mr.,Jack,Creasey,Distinctive Store
29688,Mr.,Grant,Culbertson,Handy Bike Services
29689,Mr.,Scott,Culp,Friendly Bike Shop
29690,Mr.,Conor,Cunningham,Fashionable Bikes and Accessories
29692,Mr.,Thierry,D'Hers,Citywide Service and Repair
29695,Ms.,Megan,Davis,Rugged Bikes
29696,Sr.,Alvaro,De Matos Miranda Filho,Principal Bike Company
29698,Mr.,Jacob,Dean,Finer Riding Supplies
29699,Mr.,Alexander,Deborde,Neighborhood Store
29702,Ms.,Aidan,Delaney,Paint Supply
29703,Mr.,Stefan,Delmarco,Preferred Bikes
29705,Ms.,Della,Demott Jr,Rewarding Activities Company
29708,Mr.,Prashanth,Desai,Stationary Bikes and Stands
29709,Ms.,Bev,Desalvo,Successful Sales Company
29710,Ms.,Brenda,Diaz,Downtown Hotel
29711,Ms.,Gabriele,Dickmann,Certified Sports Supply
29713,Mr.,Dick,Dievendorff,Rampart Amusement Company
29714,Mr.,Rudolph,Dillon,Sundry Sporting Goods
29716,Mr.,Blaine,Dockter,Farthermost Bike Shop
29717,Ms.,Cindy,Dodd,Suburban Cycle Shop
29719,Ms.,Patricia,Doyle,Racing Bike Outlet
29720,Mr.,Gerald,Drury,Utilitarian Sporting Goods
29722,Mr.,Reuben,D'sa,Vigorous Exercise Company
29727,Mr.,Bart,Duncan,Stock Parts and Supplies
29728,Mr.,Maciej,Dusza,Roadway Supplies
29730,Ms.,Linda,Ecoffey,Future Bikes
29732,Ms.,Carol,Elliott,Satin Finish Company
29733,Ms.,Shannon,Elliott,Regional Manufacturing
29734,Ms.,Jauna,Elson,Original Bicycle Supply Company
29736,Mr.,Terry,Eminhizer,Action Bicycle Specialists
29737,Mr.,John,Emory,Roadway Bike Emporium
29738,Ms.,Gail,Erickson,Sleek Bikes 
29739,Mr.,Mark,Erickson,Retail Sporting Equipment
29740,Ms.,Martha,Espinoza,Price-Cutter Discount Bikes
29741,Sra.,Janeth,Esteves,Central Bicycle Specialists
29742,Ms.,Twanna,Evans,Vast Bike Sales and Rental
29743,Ms.,Ann,Evans,Summer Sports Place
29744,Mr.,John,Evans,Real Sporting Goods
29747,Ms.,Carolyn,Farino,The Bike Shop
29748,Ms.,Geri,Farrell,Safe Toys
29750,Ms.,Rhoda,Finley,Our Sporting Goods Store
29753,Ms.,Kathie,Flood,Coho Sports
29755,Ms.,Kelly,Focht,Quick Delivery Service
29757,Mr.,Garth,Fort,Basic Sports Equipment
29758,Ms.,Dorothy,Fox,Cash & Carry Bikes
29761,Ms.,Susan,French,General Bike Corporation
29763,Mr.,Mihail,Frintu,Retail Cycle Shop
29764,Mr.,John,Ford,Social Activities Club
29765,Mr.,Paul,Fulton,Blue Bicycle Company
29766,Mr.,Bob,Gage,General Riding Supplies
29768,Mr.,Michael,Galos,Riding Excursions
29769,Mr.,Jon,Ganio,Unique Bikes
29770,Ms.,Kathleen,Garza,Rural Cycle Emporium
29771,Mr.,Dominic,Gash,Associated Bikes
29772,Ms.,Janet,Gates,Modular Cycle Systems
29773,Mr.,Orlando,Gee,A Bike Store
29774,Mr.,Darren,Gehring,Journey Sporting Goods
29775,Mr.,Jim,Geist,Two Bike Shops
29776,Ms.,Barbara,German,Cycles Wholesaler & Mfg.
29778,Mr.,Leo,Giakoumakis,Number One Bike Co.
29780,Mr.,Frances,Giglio,Standard Bikes
29781,Mr.,Guy,Gilbert,The Bicycle Accessories Company
29782,Ms.,Janet,Gilliat,Active Systems
29783,Ms.,Mary,Gimmi,Futuristic Sport Distributors
29784,Ms.,Jeanie,Glenn,Big-Time Bike Store
29785,Ms.,Diane,Glimp,The Showroom
29787,Mr.,Scott,Gode,Year-Round Sports
29788,Mr.,Mete,Goktepe,The New Bike Store
29789,Mr.,Brian,Goldstein,Primary Bike Distributors
29792,Ms.,Abigail,Gonzalez,Genial Bike Associates
29793,Mr.,Michael,Graff,Commercial Sporting Goods
29794,Mr.,Derek,Graham,Wholesale Parts
29796,Mr.,Jon,Grande,Riding Cycles
29797,Ms.,Jane,Greer,Metro Manufacturing
29799,Mr.,Douglas,Groncki,Locks Company
29800,Mr.,Brian,Groth,Latest Accessories Sales
29803,Ms.,Hattie,Haemon,Greater Bike Store
29805,Ms.,Erin,Hagens,Distant Inn
29806,Ms.,Betty,Haines,Finer Mart
29807,Mr.,Bryan,Hamilton,Cross-Country Riding Supplies
29809,Mr.,Kerim,Hanif,Bike World
29810,Ms.,Jean,Handley,Central Discount Store
29813,Ms.,Katherine,Harding,Sharp Bikes
29815,Mr.,Lucy,Harrington,Metropolitan Sports Supply
29816,Mr.,Keith,Harris,Progressive Sports
29818,Mr.,Roger,Harui,Brakes and Gears
29819,Ms.,Ann,Hass,The Accessories Store
29822,Mr.,James,Haugh,Family Cycle Store
29824,Ms.,Brenda,Heaney,Superb Sales and Repair
29826,Mr.,John,Hanson,Countryside Company
29827,Ms.,Valerie,Hendricks,First Bike Store
29830,Mr.,Kari,Hensien,General Department Stores
29831,Ms.,Irene,Hernandez,Operational Manufacturing
29832,Mr.,Jésus,Hernandez,Online Bike Warehouse
29834,Ms.,Cheryl,Herring,Small Bike Shop
29835,Mr.,Ronald,Heymsfield,Superior Hardware Distributors
29840,Mr.,Andrew,Hill,Eastside Parts Shop
29842,Mr.,Mike,Hines,First Cycle Store
29843,Mr.,Matthew,Hink,Running and Cycling Gear
29847,Mr.,David,Hodgson,Good Toys
29848,Ms.,Helge,Hoeing,Little Bicycle Supply Shop
29850,Mr.,Bob,Hodges,All Seasons Sports Supply
29851,Ms.,Jean,Holloway,Leisure Clearing House
29852,Mr.,Eddie,Holmes,The Commissary
29853,Ms.,Juanita,Holman,Affordable Sports Equipment
29854,Mr.,Peter,Houston,Local Sales and Rental
29855,Mr.,Curtis,Howard,Economy Center
29857,Ms.,Janice,Hows,Area Sheet Metal Supply
29858,Mr.,George,Huckaby,Synthetic Materials Manufacturing
29859,Mr.,Joshua,Huff,Rural Sales and Service
29860,Ms.,Arlene,Huff,Tubeless Tire Company
29861,Ms.,Phyllis,Huntsman,Hardware Components
29862,Mr.,Lawrence,Hurkett,Retail Sporting Goods
29863,Mr.,Ryan,Ihrig,Efficient Cycling
29864,Ms.,Beth,Inghram,General Industries
29865,Mr.,Lucio,Iallo,Highway Bike Shop
29866,Mr.,Richard,Irwin,Rental Bikes
29867,Mr.,Erik,Ismert,Roving Sports
29868,Ms.,Denean,Ison,Express Bike Services
29870,Mr.,Bronson,Jacobs,Retail Discount Store
29871,Mr.,Eric,Jacobsen,Vale Riding Supplies
29872,Ms.,Jodan,Jacobson,A Great Bicycle Company
29873,Ms.,Mary,Alexander,Certified Bicycle Supply
29874,Mr.,David,Jaffe,Exceptional Cycle Services
29876,Ms.,Vance,Johns,Leisure Activities
29877,Ms.,Joyce,Jarvis,Paints and Solvents Company
29879,Mr.,Stephen,Jiang,Bikes for Kids and Adults
29881,Ms.,Danielle,Johnson,Home Town Bike Store
29883,Mr.,Barry,Johnson,Sample Bike Store
29884,Mr.,Brian,Johnson,Extras Sporting Goods
29885,Mr.,David,Johnson,Sure & Reliable Sporting Goods
29889,Ms.,Jean,Jordan,Separate Parts Corporation
29890,Ms.,Peggy,Justice,Basic Bike Company
29891,Ms.,Diane,Krane,"Fabrikam Inc., West"
29892,Ms.,Sandra,Kitt,Non-Slip Pedal Company
29893,Mr.,Sandeep,Kaliyath,Weekend Bike Tours
29895,Ms.,Lori,Kane,General Supplies
29897,Ms.,Kay,Krane,Racing Toys
29898,Mr.,Sandeep,Katyal,Capable Sales and Service
29900,Mr.,Victor,Kelley,Road Way Sales and Rental
29901,Mr.,John,Kelly,Sturdy Toys
29902,Mr.,Robert,Kelly,Beneficial Exercises and Activities
29903,Mr.,Kevin,Kennedy,Fad Outlet
29904,Ms.,Mary,Kesslep,Commerce Bicycle Specialists
29905,Ms.,Elizabeth,Keyser,Acceptable Sales & Service
29906,Mr.,Imtiaz,Khan,District Mall
29907,Ms.,Karan,Khanna,Fitness Supplies
29908,Mr.,Joe,Kim,Mail Market
29910,Mr.,Shane,Kim,Twelfth Bike Store
29911,Mr.,Tim,Kim,Consolidated Messenger
29913,Mr.,Anton,Kirilov,Field Trip Store
29914,Mr.,Christian,Kleinerman,Finish and Sealant Products
29915,Mr.,Andrew,Kobylinski,Finer Parts Shop
29918,Mr.,Kirk,King,Up-To-Date Sports
29919,Mr.,Eugene,Kogan,Mountain Bike Center
29920,Mr.,Scott,Konersmann,Specialty Sports Store
29921,Ms.,Joy,Koski,Scooters and Bikes Store
29922,Ms.,Pamala,Kotc,Closest Bicycle Store
29924,Mr.,Mitch,Kennedy,Reasonable Bicycle Sales
29925,Ms.,Margaret,Krupka,Outdoor Sports Supply
29926,Mr.,Deepak,Kumar,Outdoor Aerobic Systems Company
29928,Mr.,Vamsi,Kuppa,Metal Clearing House
29929,Mr.,Jeffrey,Kurtz,Many Bikes Store
29930,Mr.,Peter,Kurniawan,Largest Bike Store
29931,Mr.,Eric,Lang,Kickstands and Accessories Company
29932,Ms.,Rebecca,Laszlo,Instruments and Parts Company
29934,Mr.,David,Lawrence,Gear-Shift Bikes Limited
29935,Ms.,Elsa,Leavitt,Frugal Bike Shop
29936,Mr.,Michael,Lee,Family Entertainment Center
29937,Ms.,Marjorie,Lee,Go-cart and Bike Specialists
29938,Mr.,Frank,Campbell,Trailblazing Sports
29939,Mr.,Mark,Lee,Racing Partners
29941,Ms.,Jolie,Lenehan,Exhibition Showroom
29942,Mr.,Roger,Lengel,Authorized Bike Sales and Rental
29943,NULL,A.,Leonetti,Two-Seater Bikes
29944,Ms.,Bonnie,Lepro,More Bikes!
29946,Ms.,Linda,Leste,National Manufacturing
29948,Ms.,Elsie,Lewin,Town Industries
29949,Mr.,George,Li,Security Racks and Locks Wholesalers
29950,Mr.,Yale,Li,Rapid Bikes
29952,Ms.,Yuhong,Li,Nearby Sporting Goods
29953,Mr.,Joseph,Lique,Front Sporting Goods
29954,Mr.,Paulo,Lisboa,Elite Bikes
29955,Mr.,David,Liu,Catalog Store
29956,NULL,Jinghao,Liu,Chic Department Stores
29957,Mr.,Kevin,Liu,Eastside Department Store
29959,Mr.,Todd,Logan,Cycle Merchants
29962,Ms.,Sharon,Looney,Fitness Hotel
29964,Ms.,Anita,Lucerne,Grand Industries
29967,Ms.,Judy,Lundahl,Leading Sales & Repair
29969,Mr.,Robert,Lyeba,Tandem Sales and Service
29971,Mr.,Robert,Lyon,Reliable Retail Center
29973,Ms.,Denise,Maccietto,Friendly Bike Shop
29974,Mr.,Scott,MacDonald,Yellow Bicycle Company
29975,Mr.,Walter,Mays,Sports Products Store
29978,Mr.,Ajay,Manchepalli,Shipping Specialists
29980,Mr.,Tomas,Manzanares,Authentic Sales and Service
29981,Ms.,Kathy,Marcovecchio,Official Parts Shop
29982,Ms.,Melissa,Marple,Discount Tours
29983,Ms.,Cecelia,Marshall,Tire Exchange
29985,Ms.,Linda,Martin,Oils and Fluids Warehouse
29987,Mr.,Frank,Mart¡nez,Rally Master Company Inc
29988,Mr.,Steve,Masters,Professional Cyclists
29990,Ms.,Jennifer,Maxham,Exclusive Bicycle Mart
29991,Mr.,Chris,Maxwell,City Manufacturing
29992,Ms.,Sandra,Maynard,Bike Dealers Association
29994,Ms.,Robin,McGuigan,"Health Spa, Limited"
29997,Ms.,Lola,McCarthy,Closeout Boutique
29998,Ms.,Jane,McCarty,Bicycle Merchandise Warehouse
30000,Mr.,James,McCoy,Leather Seat Factory
30003,Ms.,Yvonne,McKay,Practical Bike Supply Company
30004,Ms.,Nkenge,McLin,Some Discount Store
30005,Ms.,Nancy,McPhearson,Variety Cycling
30007,Ms.,Raquel,Mello,Remote Bicycle Specialists
30008,Mr.,R. Morgan,Mendoza,Friendly Neighborhood Bikes
30010,Mr.,Stephen,Mew,Recommended Bicycles
30012,Ms.,Helen,Meyer,Alpine Ski House
30016,Mr.,Thomas,Michaels,Seats and Saddles Company
30018,Ms.,Virginia,Miller,All Cycle Shop
30019,Mr.,Matthew,Miller,Tachometers and Accessories
30021,Mr.,Ben,Miller,Low Price Cycles
30022,Mr.,Dylan,Miller,Metropolitan Manufacturing
30023,Mr.,Frank,Miller,Orange Bicycle Company
30024,Ms.,Neva,Mitchell,Riding Associates
30025,Ms.,Linda,Mitchell,Essential Bike Works
30027,Mr.,Joseph,Mitzner,Engineered Bike Systems
30028,Ms.,Laura,Steele,Professional Containers and Packaging Co.
30029,Ms.,Shanay,Steelman,One Bike Company
30030,Mr.,Stefano,Stefani,Cycling Goods
30031,Mr.,Alan,Steiner,Cycle Clearance
30032,Mr.,Derik,Stenerson,Black Bicycle Company
30033,Mr.,Vassar,Stern,Transport Bikes
30034,Ms.,Wathalee,Steuber,Sellers of Cycles
30035,Ms.,Alice,Steiner,Maintenance and Repair for Bicycles
30036,Ms.,Liza Marie,Stevens,Fitness Department Stores
30037,Mr.,Jim,Stewart,Famous Bike Shop
30039,Mr.,Robert,Stotka,Gift and Toy Store
30040,Ms.,Kayla,Stotler,Major Sporting Goods
30042,Ms.,Ruby Sue,Styles,Major Cycling
30044,Mr.,Gary,Suess,Downhill Bicycle Specialists
30045,Ms.,Ruth,Suffin,Bike Experts
30046,Ms.,Elizabeth,Sullivan,Extraordinary Bike Works
30047,Mr.,Michael,Sullivan,Valley Bicycle Distributors
30048,Ms.,Marcia,Sultan,Top Sports Supply
30050,Mr.,Krishna,Sunkammurali,Metropolitan Bicycle Supply
30051,Mr.,Brad,Sutton,Honest Repair Service
30052,Mr.,Abraham,Swearengin,Wheel Gallery
30053,Ms.,Katherine,Swan,Top Bike Market
30055,Ms.,Julie,Taft-Rider,Bicycle Lines Distributors
30056,Mr.,Clarence,Tatman,Sparkling Paint and Finishes
30058,Mr.,Mike,Taylor,Plastic Parts Company
30061,Mr.,Chad,Tedford,Big Cycle Mall
30063,Ms.,Vanessa,Tench,Eighth Bike Store
30064,Ms.,Judy,Thames,Demand Distributors
30067,Ms.,Phyllis,Thomas,Red Bicycle Company
30069,Mr.,Donald,Thompson,Trendy Department Stores
30070,Ms.,Kendra,Thompson,Vintage Sport Boutique
30071,Mr.,Daniel,Thompson,Travel Sports
30072,Ms.,Andrea,Thomsen,West Side Mart
30074,Ms.,Yuping,Tian,Tenth Bike Store
30076,Ms.,Diane,Tibbott,Fun Times Club
30080,Ms.,Delia,Toone,Wingtip Toys
30083,Mr.,Glenn,Track,Active Life Toys
30087,Mr.,Billy,Trent,Quick Parts and Service
30089,Mr.,Michael John,Troyer,Thrifty Parts and Sales
30090,Ms.,Christie,Trujillo,A Typical Bike Shop
30093,Ms.,Phyllis,Tuffield,Fasteners & Bolts Outlet
30094,Mr.,Sairaj,Uddin,Quantity Discounts
30095,Mr.,Sunil,Uppal,Swift Cycles
30098,Ms.,Esther,Valle,Large Bike Shop
30100,Mr.,Jessie,Valerio,Wire Baskets and Parts
30102,Mr.,Roger,Van Houten,Sports Store
30104,Ms.,Rose,Vandenouer,Extended Tours
30105,Mr.,Gregory,Vanderbout,Convenient Sales and Service
30106,Mr.,Michael,Vanderhyde,Solid Bike Parts
30107,Ms.,Margaret,Vanderkamp,Permanent Finish Products
30108,Ms.,Kara,Vanderlinden,Mercantile Outlet
30109,Mr.,Nieves,Vargas,Exhilarating Cycles
30110,Mr.,Gary,Vargas,Exercise Center
30111,Mr.,Ranjit,Varkey Chudukatil,Great Bicycle Supply
30112,Ms.,Patricia,Vasquez,Mail-Order Outlet
30113,Mr.,Raja,Venugopal,Nearby Cycle Shop
30115,Ms.,Dora,Verdad,Retreat Inn
30116,Ms.,Wanda,Vernon,Technical Parts Manufacturing
30117,Mr.,Robert,Vessa,Totes & Baskets Company
30118,Ms.,Caroline,Vicknair,World of Bikes
